"id","hotel_id","hotel_chain_id","sin","full_name","address","role"
1,1,1,"702497636","Antonina Pavluk","96096 Pawling Hill","manager"
2,2,2,"570656512","John Dashper","4 Norway Maple Plaza","manager"
3,3,3,"920809715","Blanca Verrillo","3 Jana Trail","manager"
4,4,4,"706381457","Ariana Gerdes","7 Arkansas Lane","manager"
5,5,5,"877011687","Renato Hammersley","3816 Maywood Avenue","manager"
6,6,1,"687096337","Letitia Perryn","7 Waxwing Pass","manager"
7,7,2,"094747096","Carolina Haining","5411 Maple Wood Hill","manager"
8,8,3,"831219787","Halsey Benjamin","2 Vahlen Avenue","manager"
9,9,4,"719984584","Herta Cawthron","38 Autumn Leaf Park","manager"
10,10,5,"885200853","Marcellina Bartrap","4 Victoria Junction","manager"
11,11,1,"570017650","Maire Tumayan","91 New Castle Park","manager"
12,12,2,"828778704","Verla Clowney","0 Algoma Drive","manager"
13,13,3,"458672807","Town Allpress","9 5th Crossing","manager"
14,14,4,"893412167","Batholomew MacMychem","20700 Vermont Plaza","manager"
15,15,5,"200361922","Emmett Dorie","7473 Reinke Road","manager"
16,16,1,"655342183","Brady Diviney","2 Saint Paul Plaza","manager"
17,17,2,"433302107","Hinda Stroton","6 Lotheville Plaza","manager"
18,18,3,"795631802","Tiebold Labadini","4073 Grasskamp Place","manager"
19,19,4,"842197666","Alair Easlea","66020 Rowland Road","manager"
20,20,5,"399156254","Izaak Boldock","4574 Farragut Pass","manager"
21,21,1,"919428023","Winfield Adnams","42 Fulton Point","manager"
22,22,2,"506110883","Maxy Pococke","0152 Northland Circle","manager"
23,23,3,"982713561","Atlante Zukerman","4 Lighthouse Bay Plaza","manager"
24,24,4,"679852272","Bobbie Ryce","715 Londonderry Circle","manager"
25,25,5,"118103997","Calvin Bhar","2672 Dexter Hill","manager"
26,26,1,"899239362","Aimee Mantz","74172 Hermina Hill","manager"
27,27,2,"691765821","Arne Brent","125 High Crossing Point","manager"
28,28,3,"687543007","Hube Filan","5 Drewry Parkway","manager"
29,29,4,"878873117","Florencia Joll","236 Donald Crossing","manager"
30,30,5,"188802273","Cassi Troubridge","4 Dovetail Avenue","manager"
31,31,1,"724069432","Imojean Wolfendell","756 Kipling Center","manager"
32,32,2,"169567576","Mattias Ballinghall","201 Paget Plaza","manager"
33,33,3,"581165648","Jorry Eykel","98 Gulseth Drive","manager"
34,34,4,"669043564","Rene Jemison","4 Myrtle Court","manager"
35,35,5,"102956021","Lancelot Ewens","178 Stoughton Center","manager"
36,36,1,"418951717","Garreth Birmingham","569 Division Court","manager"
37,37,2,"309949236","Janice Havick","7081 Oak Valley Parkway","manager"
38,38,3,"933997954","Daryle Ollet","643 Thompson Place","manager"
39,39,4,"583524633","Vinnie Cookes","4 Lighthouse Bay Center","manager"
40,40,5,"051305314","Verna Saddler","06772 Ludington Road","manager"
41,1,1,"301136963","Leupold Kamiyama","4 Stephen Court","maid"
42,2,2,"728740420","Bondy Frankiewicz","129 Mcbride Plaza","maid"
43,3,3,"084074335","Granny Clemencon","91 Meadow Valley Pass","valet"
44,4,4,"043660576","Meggy Dunbavin","2 Elka Park","front-desk"
45,5,5,"607352598","Jeanne Citrine","7 Red Cloud Court","janitor"
46,6,1,"973695696","Giacomo Shovell","66274 Kropf Terrace","valet"
47,7,2,"486540642","Barbara-anne Jeffries","90691 Northridge Trail","janitor"
48,8,3,"493150620","Isidore Aimable","47942 Trailsway Park","janitor"
49,9,4,"279107673","Siobhan Spittles","47 Forest Crossing","valet"
50,10,5,"301581795","Ivor Tyght","2 East Place","front-desk"
51,11,1,"369416871","Denys Dearing","99044 Riverside Street","maid"
52,12,2,"666315600","Kai Fawdrey","6133 Tennyson Parkway","janitor"
53,13,3,"539301649","Denney Horrigan","73090 Reindahl Court","valet"
54,14,4,"378376514","Zachariah Norcross","82155 Utah Trail","front-desk"
55,15,5,"625963724","Georgeanna Boteman","5 Jackson Street","maid"
56,16,1,"499819306","Traci Fidgeon","0699 Warbler Avenue","front-desk"
57,17,2,"500335076","Afton Kemble","21952 Sommers Terrace","maid"
58,18,3,"853970850","Shirline Westall","40 Upham Circle","janitor"
59,19,4,"029488088","Bess Strewther","71101 3rd Lane","front-desk"
60,20,5,"398702406","Ric Yves","349 Kingsford Court","janitor"
61,21,1,"437200897","Giorgia Longlands","7250 Boyd Avenue","front-desk"
62,22,2,"741601652","Turner Larrett","94612 Macpherson Junction","chef"
63,23,3,"797828566","Ruperto Rotherham","2760 Scoville Parkway","valet"
64,24,4,"813741221","Paolina Nossent","403 Spenser Point","valet"
65,25,5,"924177585","Patrizio Culwen","35 Graceland Terrace","maid"
66,26,1,"896165917","Cybill Midgley","983 Westerfield Point","maid"
67,27,2,"739187221","Chantal Bason","504 Towne Street","valet"
68,28,3,"793878604","Niles Nuzzi","562 Westport Court","front-desk"
69,29,4,"515809772","Wilfred Lyne","29199 Commercial Lane","chef"
70,30,5,"724684274","Demetria Scroxton","4 Sheridan Avenue","maid"
71,31,1,"692101740","Joyous Wynne","42472 Anthes Court","janitor"
72,32,2,"733871669","Carlen Sealand","95 4th Street","front-desk"
73,33,3,"064426448","Olly Redd","1138 West Lane","front-desk"
74,34,4,"385020246","Ranique Grigolli","615 Dayton Trail","chef"
75,35,5,"834625487","Bengt Pritchett","34124 Sommers Street","maid"
76,36,1,"725783768","Kristian Airth","51204 Jay Crossing","janitor"
77,37,2,"476413486","Faulkner Tremonte","30 Schmedeman Avenue","valet"
78,38,3,"557514068","Garrick Zanettini","500 Melvin Junction","front-desk"
79,39,4,"033550417","Thedrick Kenford","023 Erie Parkway","janitor"
80,40,5,"243521868","Gardie Thorby","135 Stang Lane","valet"
81,1,1,"906191830","Ellerey Kingcott","750 Melody Plaza","chef"
82,2,2,"069513272","Guilbert Hasluck","616 Green Ridge Avenue","valet"
83,3,3,"218738114","Stacee Segot","81468 Holy Cross Court","valet"
84,4,4,"774706696","Jason Hebner","828 Red Cloud Point","chef"
85,5,5,"255926841","Colleen Curner","2 Arizona Alley","maid"
86,6,1,"354193705","Darda Tilne","18892 Kenwood Junction","valet"
87,7,2,"377839166","Juline Livingston","68719 Toban Point","front-desk"
88,8,3,"144503637","Yorgo Longega","7 Maryland Hill","maid"
89,9,4,"157602533","Patty Garms","81 Crownhardt Crossing","front-desk"
90,10,5,"754030397","Rip Bunker","220 Havey Avenue","valet"
91,11,1,"266764410","Tarrance Hurran","818 Gateway Junction","chef"
92,12,2,"525736597","Nichol Gomez","003 Homewood Parkway","maid"
93,13,3,"234000469","Rodi Tape","0908 Hintze Parkway","maid"
94,14,4,"126838513","Gav Bye","25 Talisman Court","janitor"
95,15,5,"229263384","Mahalia Ivy","0396 Summerview Trail","front-desk"
96,16,1,"006621218","Woodie Cottell","2711 International Point","valet"
97,17,2,"302123382","Derward Thorburn","09686 Monica Hill","front-desk"
98,18,3,"079386143","Gar Rihosek","085 Jana Crossing","maid"
99,19,4,"572642779","Philbert Solloway","70128 Mallard Trail","front-desk"
100,20,5,"152309795","Wendy Walesby","47 Shoshone Pass","front-desk"
101,21,1,"182272763","Emelina Pettigrew","37 Onsgard Center","front-desk"
102,22,2,"630328924","Renato Sleigh","26 Eastlawn Pass","valet"
103,23,3,"098743848","Joni Wedlake","2677 Prentice Way","chef"
104,24,4,"724953983","Antonella Colloby","73 Vahlen Drive","valet"
105,25,5,"685159958","Phaidra Caulket","446 Lake View Avenue","valet"
106,26,1,"835364862","Shane McKirdy","6 Village Point","janitor"
107,27,2,"100031684","Abbot Flett","00 Spaight Road","front-desk"
108,28,3,"914150737","Cindi Romain","10 Judy Plaza","chef"
109,29,4,"703845208","Brennen Huckel","4456 Stone Corner Plaza","chef"
110,30,5,"093632812","Raimund Guppy","19 Randy Center","front-desk"
111,31,1,"404624156","Trumann Orrill","481 Ohio Avenue","janitor"
112,32,2,"999361069","Jermaine Sharphurst","855 Holy Cross Crossing","maid"
113,33,3,"057833200","Rollins Shwalbe","4 Old Shore Center","front-desk"
114,34,4,"594298838","Lynna Simone","90091 New Castle Circle","valet"
115,35,5,"390272944","Ondrea Blasgen","09121 Dahle Junction","valet"
116,36,1,"948247556","Dino Tomasutti","5 Eagan Lane","janitor"
117,37,2,"751639653","Stacie Haddinton","77 Jana Road","chef"
118,38,3,"024501955","Phillipe Crannach","668 Dexter Plaza","janitor"
119,39,4,"922328609","Grissel Mollatt","86215 Northridge Street","janitor"
120,40,5,"406869849","Ronica Brunelleschi","992 Chinook Drive","front-desk"
121,1,1,"715148586","Jeanne Greenlees","369 Raven Crossing","valet"
122,2,2,"648926947","Roseline Ruperto","0 Carioca Drive","maid"
123,3,3,"400564376","Natale Allewell","46440 Lakewood Gardens Way","janitor"
124,4,4,"402388323","Amandi Pyatt","07872 Amoth Street","chef"
125,5,5,"437467857","Nikolai Szubert","06 Kipling Drive","front-desk"
126,6,1,"141958645","Berthe Buxam","23 7th Avenue","valet"
127,7,2,"248993416","Belia Wride","8421 Florence Crossing","front-desk"
128,8,3,"893954087","Camel Casaccio","94 Village Lane","maid"
129,9,4,"151271633","Winthrop Rodwell","0733 Boyd Road","maid"
130,10,5,"829755079","Annabella O'Connolly","00 Bowman Street","chef"
131,11,1,"472464657","Roxy Blanning","7791 Iowa Crossing","maid"
132,12,2,"089478895","Kaine Kimber","304 Norway Maple Circle","valet"
133,13,3,"149878852","Lucias Birchenough","04 Lerdahl Point","valet"
134,14,4,"845729058","Symon Leupold","15839 Shopko Park","maid"
135,15,5,"690069280","Benedetto Jankovic","77 Barnett Parkway","maid"
136,16,1,"794646902","Donetta Copins","630 Marcy Terrace","valet"
137,17,2,"934780900","Salomone Dikle","550 Scott Parkway","valet"
138,18,3,"323890696","Thedric Tolotti","5142 Macpherson Road","chef"
139,19,4,"225738444","Kahaleel Gravie","7670 Elka Center","front-desk"
140,20,5,"088109237","Eal Bodill","2 Nancy Court","chef"
141,21,1,"650167720","Reade Linstead","9 Nelson Pass","chef"
142,22,2,"759603649","Valina Reuter","80 Jana Court","valet"
143,23,3,"765661514","Chickie Henner","70830 Rowland Avenue","front-desk"
144,24,4,"238116908","Marilyn Petken","94 Gina Road","maid"
145,25,5,"498940078","Sheff Ruos","1 Quincy Park","maid"
146,26,1,"563270498","Royal Meadus","28 Grayhawk Court","front-desk"
147,27,2,"152626913","Cate Ferguson","99 Grover Center","maid"
148,28,3,"607293920","Gerome Houndson","1855 Scott Junction","janitor"
149,29,4,"172177274","Kaitlin Matten","7 Lindbergh Crossing","chef"
150,30,5,"862119056","Petra Geeves","051 Havey Park","chef"
151,31,1,"734475904","Bourke Garrison","608 Parkside Circle","chef"
152,32,2,"430752912","Loni Tyres","50265 Stone Corner Way","maid"
153,33,3,"568426706","Nicoli Cotgrove","71826 Melrose Street","front-desk"
154,34,4,"156300831","Barret Verbeke","59519 Dorton Way","chef"
155,35,5,"897495800","Maggie Ben","61 Rowland Circle","janitor"
156,36,1,"460619827","Casie Gherardelli","84175 Sauthoff Center","valet"
157,37,2,"159107062","Willa Lamps","30 Hintze Lane","valet"
158,38,3,"645465410","Guthrie Munnis","85248 Superior Place","maid"
159,39,4,"975984550","Lotty Hutfield","46 Montana Alley","maid"
160,40,5,"710247209","Barney Moutray Read","55 Cherokee Lane","maid"
161,1,1,"245571634","Moselle Ledbetter","9 John Wall Trail","maid"
162,2,2,"321812798","Renault Oldfield-Cherry","360 Arizona Street","maid"
163,3,3,"852165874","Tootsie Beal","221 Hayes Crossing","maid"
164,4,4,"569875120","Keven Marzelle","557 Starling Crossing","valet"
165,5,5,"836114098","Dave Ruslin","5712 Continental Terrace","front-desk"
166,6,1,"847297963","Kelsy Greasley","73 Roxbury Terrace","valet"
167,7,2,"462767487","Niki Janzen","4637 Roth Plaza","front-desk"
168,8,3,"116898232","Amanda Brazier","5527 Main Parkway","valet"
169,9,4,"590353723","Genevieve Duckers","879 Atwood Road","janitor"
170,10,5,"718224478","Marcile Cutsforth","9 Everett Center","chef"
171,11,1,"922427620","Fidel Sher","7524 Spohn Hill","janitor"
172,12,2,"080312066","Latrena Bewly","16 Duke Court","chef"
173,13,3,"829196241","Daffy Manders","8637 Carey Park","janitor"
174,14,4,"175600403","Karl Broke","1443 Farwell Road","valet"
175,15,5,"386212117","Kathi Hebditch","1072 Cambridge Terrace","maid"
176,16,1,"640782810","Leigh Gurry","2820 Oak Valley Crossing","maid"
177,17,2,"768988664","Millard Casone","00756 Judy Alley","maid"
178,18,3,"212729844","Louis Brinkman","27 Hayes Way","valet"
179,19,4,"663758158","Elyse Crabtree","201 Pawling Drive","chef"
180,20,5,"073379352","Reagen McBrearty","1825 Anniversary Hill","valet"
181,21,1,"549616607","Glad Doberer","2 Hollow Ridge Junction","chef"
182,22,2,"795474096","Stephannie Boshers","8858 Grasskamp Way","front-desk"
183,23,3,"525257160","Verne Pidgeley","89 Eastlawn Park","janitor"
184,24,4,"234759005","Delmar Revelle","0199 Dottie Plaza","maid"
185,25,5,"213395375","Axel Ghirigori","1561 Melvin Point","janitor"
186,26,1,"279177281","Marysa Rudderham","33 Manitowish Trail","front-desk"
187,27,2,"917352101","Jillie Cicculini","119 Brentwood Junction","chef"
188,28,3,"829972681","Conni Bibby","39872 Manufacturers Street","front-desk"
189,29,4,"625114949","Alvin Enevoldsen","67879 Service Court","front-desk"
190,30,5,"291370069","Thadeus Trathen","7442 Darwin Drive","valet"
191,31,1,"790676414","Hercules Galloway","2357 Village Green Court","front-desk"
192,32,2,"544640035","Hew Reggler","2750 Crowley Street","chef"
193,33,3,"733292742","Jeffry Sherburn","9440 Mallory Place","janitor"
194,34,4,"994633412","Roxy McDowall","3172 Leroy Parkway","front-desk"
195,35,5,"123522247","Penrod Pickerin","657 Mitchell Terrace","front-desk"
196,36,1,"366618963","Sapphira Sitford","30548 Vera Hill","janitor"
197,37,2,"971315693","Lorrie Pods","119 Gerald Circle","janitor"
198,38,3,"465600771","Mina Carrack","08250 Farwell Avenue","front-desk"
199,39,4,"574472687","Cobbie Ollerhead","58 Sunfield Park","janitor"
200,40,5,"132071029","Susy Roddam","63912 Pleasure Road","chef"
201,1,1,"068704463","Dedra Andrick","817 Bowman Court","maid"
202,2,2,"743541817","Selby Caddy","7 Bayside Point","valet"
203,3,3,"145862727","Erna Halsho","5448 Schiller Court","chef"
204,4,4,"176452621","Lynn Demcik","0 Nancy Hill","maid"
205,5,5,"437696774","Cyril Lemerie","5241 Marquette Plaza","valet"
206,6,1,"145535932","Alla Heminsley","601 Dryden Alley","valet"
207,7,2,"272074635","Berty Nodin","479 Evergreen Plaza","valet"
208,8,3,"904289576","Abagael Cough","300 Pawling Center","valet"
209,9,4,"389457091","Nester Legen","0024 Grasskamp Drive","chef"
210,10,5,"168731488","Irvine Jecks","6131 Sunnyside Street","janitor"
211,11,1,"571998476","Chase Showler","5 Mifflin Court","front-desk"
212,12,2,"139499332","Judah Brafferton","45277 Morning Hill","maid"
213,13,3,"376118260","Giulia Ogden","05 Sunnyside Junction","janitor"
214,14,4,"481915848","Cass Barnshaw","6629 Dunning Point","chef"
215,15,5,"624851931","Ash Besson","26961 Village Avenue","front-desk"
216,16,1,"599237051","Rosette Dulwich","79 Main Pass","front-desk"
217,17,2,"939685514","Fonsie Garnul","5689 Oak Valley Terrace","janitor"
218,18,3,"935961769","Tod Kingscote","9 Logan Hill","valet"
219,19,4,"253248528","Stanwood Zute","0 Delladonna Park","janitor"
220,20,5,"405076987","Demetri Wintersgill","37 Pepper Wood Lane","front-desk"
221,21,1,"842465634","Nicholle Rowet","7768 Anniversary Alley","front-desk"
222,22,2,"239217109","Garrick Tilberry","3626 Bultman Center","janitor"
223,23,3,"236851892","Thalia Gregh","93 Aberg Crossing","maid"
224,24,4,"548575914","Che Gaiter","596 Sachs Trail","maid"
225,25,5,"376261796","Nefen Giraldon","36510 Hayes Pass","valet"
226,26,1,"913204024","Hephzibah Kennington","98816 Holy Cross Hill","front-desk"
227,27,2,"922112019","Annette Maven","7215 Village Green Hill","janitor"
228,28,3,"792816853","Franni Ogles","50 Rowland Parkway","chef"
229,29,4,"121379046","Kristopher Tosdevin","742 Eastlawn Point","maid"
230,30,5,"729242470","Peggy Hellier","629 Linden Street","janitor"
231,31,1,"636513603","Leelah Minet","2 Nevada Parkway","valet"
232,32,2,"085552045","Marnie Spurier","526 Holy Cross Street","valet"
233,33,3,"626001225","Ximenes Sherlaw","50739 Sage Point","janitor"
234,34,4,"280879906","Giselle Tonna","5 Surrey Alley","maid"
235,35,5,"084390095","Boote Tarn","5884 Utah Pass","janitor"
236,36,1,"438291202","Kienan Northrop","96250 Meadow Vale Trail","front-desk"
237,37,2,"207943039","Mateo Giacaponi","0585 Havey Street","front-desk"
238,38,3,"430221313","Kalvin Mottershaw","8 Loftsgordon Plaza","chef"
239,39,4,"882647420","Moselle Elcott","1326 Continental Crossing","chef"
240,40,5,"329555562","Clemens Linscott","370 Arrowood Way","front-desk"
241,1,1,"403895385","Manon Mc Giffin","58934 Elka Street","janitor"
242,2,2,"628665148","Karilynn Delmonti","7 Union Avenue","front-desk"
243,3,3,"305120018","Tildie Abrahamson","160 Dayton Alley","maid"
244,4,4,"011669738","Atalanta Roiz","653 Springs Lane","front-desk"
245,5,5,"055513119","Nata Aston","5 Northland Trail","janitor"
246,6,1,"868523056","Katie Stoltz","610 Mosinee Road","janitor"
247,7,2,"992295923","Joe Chaney","3 Hoard Point","maid"
248,8,3,"612498188","Laurens Goodwell","5 Muir Terrace","chef"
249,9,4,"612123952","Rhody Lindenblatt","53 Oneill Point","chef"
250,10,5,"964441738","Lucky Gwioneth","88 Spohn Park","front-desk"
251,11,1,"952418285","Naoma Lampel","54 Maple Park","maid"
252,12,2,"092065766","Liana Frisby","5855 Corben Road","maid"
253,13,3,"224851989","Rosalynd Delue","9 Katie Plaza","valet"
254,14,4,"387196499","Axe Sillick","05 Truax Point","chef"
255,15,5,"166352558","Cherilyn Kenryd","7006 Moland Alley","janitor"
256,16,1,"091559433","Delilah Lodewick","2561 Macpherson Terrace","janitor"
257,17,2,"539757712","Abeu Pullen","45 Eastlawn Hill","front-desk"
258,18,3,"298191353","Annabal Haddock","79113 Fair Oaks Alley","chef"
259,19,4,"015302825","Boothe Pavelka","26927 Morningstar Trail","valet"
260,20,5,"762426493","Paulette Urling","30 Commercial Place","janitor"
261,21,1,"496528025","Celka Sibbs","98538 Chinook Point","janitor"
262,22,2,"622661792","Konstanze Trimming","5121 Eastwood Point","maid"
263,23,3,"687357282","Abbye Janczak","827 Northwestern Point","valet"
264,24,4,"130075483","Krystal Ratnage","230 Kipling Crossing","maid"
265,25,5,"157406014","Cammi Stempe","11957 Nova Point","valet"
266,26,1,"253428296","Hermia Jira","66319 Elmside Parkway","chef"
267,27,2,"489429872","Vaclav Abrey","8 Stephen Street","chef"
268,28,3,"607332508","Keven Gasgarth","6359 Union Lane","chef"
269,29,4,"173700842","Chrystel Cartmale","43278 Eastwood Plaza","valet"
270,30,5,"940971443","Lynn Somerset","0 Straubel Point","front-desk"
271,31,1,"215007692","Katharyn Lambdean","283 Stephen Lane","janitor"
272,32,2,"815911864","Fritz Tarbath","792 Bartillon Avenue","janitor"
273,33,3,"211302196","Tomas Samples","49628 Talisman Parkway","janitor"
274,34,4,"991839180","Stanleigh Crowson","54 Macpherson Court","front-desk"
275,35,5,"624132406","Robena Trussman","554 Westerfield Way","front-desk"
276,36,1,"645885143","Jasen Jarratt","78 Lyons Point","front-desk"
277,37,2,"578347928","Roxie Pickford","29 Mariners Cove Point","front-desk"
278,38,3,"418869143","Jarvis Suffe","11014 Bellgrove Court","maid"
279,39,4,"295175502","Bill MacKean","377 Lien Avenue","valet"
280,40,5,"963934073","Ophelie Harly","45 Morning Crossing","janitor"
281,1,1,"354733230","Konstantine Falkus","66 Del Mar Park","valet"
282,2,2,"974069260","Chelsae McMaster","668 International Junction","valet"
283,3,3,"719516487","Curran Luxton","2 Hallows Parkway","front-desk"
284,4,4,"433361927","Josh Parysowna","6631 Spenser Road","valet"
285,5,5,"122196144","Pierrette Lloyd","3243 Mesta Lane","valet"
286,6,1,"240670401","Lindy Flynn","674 Cody Street","janitor"
287,7,2,"776218838","Berenice Ollcott","08 Toban Parkway","janitor"
288,8,3,"655219121","Howie Cecil","9 Westridge Road","valet"
289,9,4,"292751231","Loreen Cutridge","5543 Pond Avenue","janitor"
290,10,5,"169743605","Estrella Juares","97256 Calypso Terrace","valet"
291,11,1,"271199947","Orelie Crudgington","205 Granby Street","janitor"
292,12,2,"921472581","Ryun Bolitho","66 Kings Road","front-desk"
293,13,3,"757650065","Jordan Maps","83972 Arrowood Trail","janitor"
294,14,4,"555933574","Micky De Biasi","368 Petterle Avenue","front-desk"
295,15,5,"143680192","Silvio O'Fihily","6770 Rowland Lane","janitor"
296,16,1,"194193410","Peg Wissbey","036 Iowa Parkway","front-desk"
297,17,2,"501166751","Adrianne Stuckow","007 Parkside Plaza","valet"
298,18,3,"934998328","Francis Twyford","64 Manufacturers Hill","front-desk"
299,19,4,"557832868","Sholom Killimister","30762 Mayfield Avenue","chef"
300,20,5,"274681467","Steward Libero","4444 Waubesa Place","chef"
301,21,1,"224007288","Wolfy Kindell","5556 Oak Road","chef"
302,22,2,"490658554","Phillis Ellesmere","1 Lien Place","janitor"
303,23,3,"098659017","Elwin MacTrustam","83 Badeau Court","janitor"
304,24,4,"144451104","Mathilda Harget","03 Moulton Place","janitor"
305,25,5,"009092367","Carney Gonzalez","516 Del Mar Circle","maid"
306,26,1,"322680372","Pollyanna Athey","37036 Bluejay Hill","janitor"
307,27,2,"712641289","Burty Radnage","42561 Upham Lane","chef"
308,28,3,"834722760","Noell Habbergham","46 Mendota Parkway","janitor"
309,29,4,"889220802","Pierson Slopier","66114 Monterey Circle","maid"
310,30,5,"183312159","Kayla Lampl","38141 East Crossing","chef"
311,31,1,"930989972","Christalle Lambkin","093 Bultman Park","janitor"
312,32,2,"408429323","Cordey Attenborough","81970 Fallview Road","valet"
313,33,3,"269240516","Willard Masterton","8 Annamark Parkway","valet"
314,34,4,"496710870","Adrian Daville","6203 New Castle Lane","janitor"
315,35,5,"496347184","Bibby Rontsch","7110 Cambridge Parkway","janitor"
316,36,1,"322464634","Eadmund Shrubshall","86271 Columbus Parkway","janitor"
317,37,2,"287698307","Marianne Parzis","629 Pankratz Street","chef"
318,38,3,"345252797","Kessiah Tarpey","8093 Montana Avenue","maid"
319,39,4,"178948865","Ashley Abrahamian","8344 Riverside Crossing","front-desk"
320,40,5,"815342363","Charlena Radbone","6 Everett Street","maid"
321,1,1,"298708429","Gussy Callicott","03 Esker Parkway","chef"
322,2,2,"730343096","Vanda McFaul","614 Scott Terrace","chef"
323,3,3,"241858378","Claudetta Vasyaev","751 Rigney Center","valet"
324,4,4,"499024296","Charo Celez","85 Upham Circle","maid"
325,5,5,"187162280","Bradly Lidgely","21 Londonderry Hill","janitor"
326,6,1,"214523081","Uta Vasilik","5233 Carberry Center","chef"
327,7,2,"969571529","Gweneth Aymes","6608 Grayhawk Alley","chef"
328,8,3,"958203566","Hillel McConnal","5 Rutledge Pass","valet"
329,9,4,"690576326","Fowler Crosthwaite","28 5th Parkway","front-desk"
330,10,5,"453902291","Paulie Taffarello","2 5th Parkway","maid"
331,11,1,"930583866","Gorden Mc Gorley","9934 6th Plaza","front-desk"
332,12,2,"551724240","Zach Test","25 Brickson Park Plaza","front-desk"
333,13,3,"079854233","Cristine Moberley","431 Brickson Park Lane","maid"
334,14,4,"277207723","Valaree Braganca","974 Elka Street","valet"
335,15,5,"186609033","Marge Rohan","77 Maple Wood Park","front-desk"
336,16,1,"259583551","Brody Brahmer","228 Ruskin Hill","maid"
337,17,2,"964866376","Gris Jerrolt","72 Maple Wood Junction","chef"
338,18,3,"997223979","Orsola Jubb","5 Becker Terrace","valet"
339,19,4,"159352825","Delmar Pedrol","1 Melvin Parkway","janitor"
340,20,5,"513103707","Edita Doyley","403 Portage Alley","janitor"
341,21,1,"609715869","Melany Gridon","39196 Fallview Parkway","valet"
342,22,2,"384093143","Kay Maulin","3 New Castle Point","maid"
343,23,3,"985426266","Merissa Mealing","54891 Jackson Place","chef"
344,24,4,"059616130","Jeremy Hinkley","4 Brickson Park Hill","valet"
345,25,5,"093887430","Joshua Wimes","927 Northland Alley","janitor"
346,26,1,"061104845","Hilde Chopin","2 Sutteridge Circle","chef"
347,27,2,"657297777","Ronna Raylton","657 Garrison Trail","maid"
348,28,3,"025010588","Harrietta Harkness","0682 Onsgard Way","valet"
349,29,4,"205510553","Walton Treversh","5765 Old Gate Alley","front-desk"
350,30,5,"432466813","Gladi Walklate","850 Ramsey Place","maid"
351,31,1,"058475352","Manya Dafter","87410 Rowland Hill","front-desk"
352,32,2,"235722471","Bartholomeus Toffts","59 Daystar Park","valet"
353,33,3,"826573604","Lynea Dashwood","00 Hallows Lane","front-desk"
354,34,4,"954718256","Carleton Denniston","5449 Dunning Terrace","valet"
355,35,5,"320026712","Conn Verrechia","99 Maywood Plaza","maid"
356,36,1,"320527018","Sharline Scoullar","2 Novick Crossing","maid"
357,37,2,"258099215","Jeramey Gunter","0841 Merry Street","front-desk"
358,38,3,"304270156","Alameda Keyte","6 Petterle Pass","valet"
359,39,4,"203772135","Martyn Moretto","0130 Kennedy Drive","chef"
360,40,5,"411899910","Marijo Beart","880 Randy Court","chef"
361,1,1,"986082959","Sharleen Probin","0387 Nova Hill","maid"
362,2,2,"714583545","Gothart Purcell","4 Maryland Street","front-desk"
363,3,3,"329916568","Darby Kunneke","29 Bellgrove Alley","valet"
364,4,4,"797043797","Sheelagh Cornbill","9393 Duke Terrace","valet"
365,5,5,"205677116","Nollie Jollie","03748 Loomis Road","front-desk"
366,6,1,"808452350","Mira Farris","5 Truax Circle","chef"
367,7,2,"320774805","Boniface Wolpert","79 1st Point","valet"
368,8,3,"878052993","Derril Allabush","66933 Eggendart Alley","chef"
369,9,4,"697269207","Farley Craddy","1 Sunfield Trail","janitor"
370,10,5,"702410620","Sigmund Espin","3 Gateway Park","janitor"
371,11,1,"616033435","Cathy Ruthven","579 Sommers Park","valet"
372,12,2,"188783376","Nicoli Mewrcik","139 Aberg Lane","valet"
373,13,3,"510892449","Ailis Rawlingson","04833 Florence Drive","maid"
374,14,4,"190601009","Fulvia Mattersey","19348 Burning Wood Road","front-desk"
375,15,5,"546472887","Shel Addicote","8 Delaware Center","valet"
376,16,1,"067962210","Jakie Denisovich","77473 Express Road","maid"
377,17,2,"808086526","Tess Tomlin","66 Shoshone Park","valet"
378,18,3,"964654186","Fredrika Lewens","273 Monica Parkway","maid"
379,19,4,"325874470","Ortensia Snell","89 Sullivan Center","maid"
380,20,5,"845211906","Rinaldo Blesli","3 Northridge Place","valet"
381,21,1,"740153123","Tania Gasperi","00350 Kings Pass","chef"
382,22,2,"357632986","Marcelia Merryman","21287 Buhler Avenue","maid"
383,23,3,"936281671","Amabelle Ludwikiewicz","13 Hooker Drive","chef"
384,24,4,"734987400","George Passman","99 Stoughton Circle","maid"
385,25,5,"745603286","Lucille Lambillion","91 Carpenter Avenue","front-desk"
386,26,1,"090711031","Bette-ann Stickells","4515 Loeprich Junction","janitor"
387,27,2,"822089376","Merell Vautre","31553 Hallows Drive","chef"
388,28,3,"645356067","Maxie Smee","22545 West Street","valet"
389,29,4,"579539561","Adolphe Bere","3776 Stuart Center","front-desk"
390,30,5,"711246697","Marley Healy","5326 West Way","maid"
391,31,1,"984826219","Becki Bareford","88917 Melody Avenue","valet"
392,32,2,"598061111","Mellicent Bushe","6554 Dorton Center","chef"
393,33,3,"581549254","Gussy McSaul","898 Warbler Point","valet"
394,34,4,"787456554","Kiley Yerill","0 Roth Drive","front-desk"
395,35,5,"804437135","Palm Goodale","9495 Merchant Drive","chef"
396,36,1,"519890141","Odelle Rickcord","70197 Pierstorff Circle","valet"
397,37,2,"057083589","Nina Gook","6907 Mayer Pass","valet"
398,38,3,"185191856","Denny Juhruke","88270 Huxley Avenue","chef"
399,39,4,"028110823","Anna Dahlen","08403 Grim Circle","front-desk"
400,40,5,"569127815","Noelle Picardo","07 Caliangt Trail","valet"
401,1,1,"052084046","Mora Oldcroft","4024 Boyd Road","janitor"
402,2,2,"555303654","Ursuline Yokley","3 Lien Drive","maid"
403,3,3,"946758810","Fonzie Assender","029 Badeau Parkway","chef"
404,4,4,"650509511","Van Speke","52 Sloan Drive","valet"
405,5,5,"996086123","Isador Bissex","1872 Eastwood Avenue","chef"
406,6,1,"371804606","Cesaro Rembaud","4816 Manitowish Plaza","maid"
407,7,2,"391208378","Madelle Ratcliff","697 Pleasure Parkway","maid"
408,8,3,"575360448","Agata Bisson","7 Hoffman Lane","janitor"
409,9,4,"237636505","Joelynn Hynd","997 Thackeray Road","janitor"
410,10,5,"803466625","Katrina Filippozzi","916 Mariners Cove Crossing","front-desk"
411,11,1,"064618126","Renae Liddiatt","078 Gerald Road","chef"
412,12,2,"849913970","Betsy Burwin","166 Mockingbird Plaza","valet"
413,13,3,"728788627","Emmye Demann","6316 Vermont Circle","front-desk"
414,14,4,"150308583","Koenraad Alday","18 Forest Run Road","janitor"
415,15,5,"849986412","Neall Vigers","3478 School Trail","chef"
416,16,1,"379360443","Margie Weth","53 Oriole Place","janitor"
417,17,2,"463597976","Sarita Mangan","346 Randy Pass","front-desk"
418,18,3,"656883565","Shoshana Cavanagh","25 Straubel Park","valet"
419,19,4,"657097618","Ardyth Lindstrom","19 North Park","janitor"
420,20,5,"812905497","Adham Rainton","7 Elgar Parkway","front-desk"
421,21,1,"856948697","Nils Rainbow","42216 Novick Center","valet"
422,22,2,"374662579","Morgen Haggerstone","74 Paget Point","janitor"
423,23,3,"594854131","Nealson Bucklee","0697 Myrtle Terrace","front-desk"
424,24,4,"984785949","Toma Flude","6 Talmadge Lane","janitor"
425,25,5,"814784073","Felicity Camoys","37 Del Mar Road","chef"
426,26,1,"238678219","Taryn Rowson","778 Swallow Avenue","maid"
427,27,2,"392938513","Cozmo Zambonini","0328 Ohio Center","chef"
428,28,3,"010844120","Buddy Lodo","93185 Stoughton Alley","valet"
429,29,4,"074788501","Reider Punchard","16 Kensington Street","valet"
430,30,5,"479209568","Merline Killeen","39760 Charing Cross Plaza","front-desk"
431,31,1,"354954977","Micheil Benninck","98 Thierer Lane","front-desk"
432,32,2,"729825007","Gilberta Nisius","46794 Thackeray Road","valet"
433,33,3,"853306098","Joana Berthelet","36 Reinke Drive","maid"
434,34,4,"267998388","Belinda Tooker","79979 Stone Corner Point","chef"
435,35,5,"545324026","Nadean MacAirt","6497 Springs Terrace","front-desk"
436,36,1,"576904401","Marisa Faye","5 Lerdahl Place","maid"
437,37,2,"863578181","Bonnee Saldler","2376 Debs Parkway","chef"
438,38,3,"695503658","Michal Ioannidis","47 Armistice Trail","janitor"
439,39,4,"156246579","Sadella Boissier","085 Bartillon Park","chef"
440,40,5,"774241380","Clair Campos","862 Prairieview Hill","front-desk"
441,1,1,"204394796","Amanda Vedenyakin","6906 Morningstar Park","janitor"
442,2,2,"686539531","Avigdor McCrackem","93066 7th Avenue","front-desk"
443,3,3,"732236552","Murial Killner","90 Becker Drive","valet"
444,4,4,"420483964","Seumas Dayley","667 Fuller Pass","chef"
445,5,5,"449038045","Audy Sharratt","83552 Shelley Avenue","janitor"
446,6,1,"230456367","Lorrie Robertet","1 Claremont Point","valet"
447,7,2,"490092941","Alyda Raggles","23853 Sutteridge Place","janitor"
448,8,3,"882945230","Aloysia Daniells","9030 Tony Point","front-desk"
449,9,4,"114659971","Vera Heber","77 Sunbrook Parkway","chef"
450,10,5,"701394841","Salem Hewell","59132 Springs Avenue","janitor"
451,11,1,"295867864","Stephie Gavigan","7159 Monument Point","chef"
452,12,2,"474583569","Lind Zanni","535 Brickson Park Terrace","janitor"
453,13,3,"947451361","Langston Holson","37 La Follette Way","janitor"
454,14,4,"483470987","Alric Danher","69952 Declaration Terrace","janitor"
455,15,5,"679031999","Kasper Giacobillo","9 Michigan Avenue","chef"
456,16,1,"440103888","Barnabe Anand","15903 Sutherland Park","front-desk"
457,17,2,"899762998","Tandy Domsalla","637 Crowley Lane","valet"
458,18,3,"002848105","Mellie Geering","2950 Derek Lane","maid"
459,19,4,"549312297","Bryana Speddin","54077 Waxwing Road","valet"
460,20,5,"570456770","Austine Scandred","963 Raven Terrace","front-desk"
461,21,1,"585703773","Forester Palphramand","79903 Anderson Lane","janitor"
462,22,2,"227484185","Alexandro Springford","56 Forest Parkway","front-desk"
463,23,3,"423720725","Merwin Tough","59 Crowley Street","front-desk"
464,24,4,"593372296","Alick Macias","448 Hollow Ridge Junction","valet"
465,25,5,"639744287","Hadleigh Moir","06457 West Avenue","chef"
466,26,1,"057215210","Lesley Henri","39 Mallory Way","valet"
467,27,2,"197948605","Baxy Rumgay","6 Hansons Junction","valet"
468,28,3,"998120975","Dorella Stot","347 3rd Way","maid"
469,29,4,"849189053","Gray Ofield","26921 Pawling Trail","maid"
470,30,5,"907211700","Winnifred Kilday","502 Duke Point","front-desk"
471,31,1,"765119069","Danita Keyhoe","7 Oakridge Avenue","maid"
472,32,2,"225321572","Norton Esche","2 Artisan Junction","front-desk"
473,33,3,"741432095","Theda Kunat","1 Mayfield Trail","maid"
474,34,4,"801820840","Antin Manning","95 Hintze Point","janitor"
475,35,5,"618785014","Catie Coughlan","6960 Magdeline Alley","valet"
476,36,1,"434611945","Allan MacCostigan","25 Lindbergh Way","valet"
477,37,2,"659920589","Daryle Adderson","623 Roth Place","maid"
478,38,3,"507432831","Jarid Bangs","69957 Meadow Vale Trail","janitor"
479,39,4,"722362366","Maryjo Labadini","2 Northwestern Avenue","maid"
480,40,5,"387563054","Leena Shotbolt","20466 Sachs Drive","maid"
481,1,1,"093201692","Nickie Offord","6867 Welch Circle","front-desk"
482,2,2,"175606021","Giovanni Parminter","3 Kennedy Junction","maid"
483,3,3,"038963583","Alica Gordon-Giles","27 Memorial Way","janitor"
484,4,4,"591832703","Linnell Cowthard","903 Toban Trail","front-desk"
485,5,5,"624047542","Amery Orcas","83 Bonner Street","valet"
486,6,1,"843946982","Legra Torbard","776 Glendale Street","valet"
487,7,2,"491004454","Carl Perocci","87635 Hollow Ridge Crossing","maid"
488,8,3,"946143107","Dian Slemming","34864 Northridge Place","chef"
489,9,4,"271598473","Humfrey Giacomini","41153 Morningstar Hill","janitor"
490,10,5,"066830903","Ulrick Bowle","02595 Marquette Crossing","chef"
491,11,1,"931670026","Rosana Dabels","3 Di Loreto Street","chef"
492,12,2,"241889112","Hercule Worsnap","941 La Follette Parkway","janitor"
493,13,3,"972381802","Danya Petyakov","2 Victoria Center","valet"
494,14,4,"813992372","Vidovik Brabyn","48 Magdeline Point","chef"
495,15,5,"915830948","Sansone Denial","601 Union Pass","front-desk"
496,16,1,"595941920","Halley Haselwood","059 Twin Pines Crossing","janitor"
497,17,2,"911200214","Latrena Lichtfoth","014 Mitchell Point","front-desk"
498,18,3,"698128609","Hermie Ruddock","78348 Gale Road","valet"
499,19,4,"076784131","Clement Le Monnier","5279 Dexter Crossing","front-desk"
500,20,5,"025753573","Marlane Perigo","00 Farwell Drive","front-desk"
501,21,1,"297017717","Carny Pirazzi","589 Arizona Junction","front-desk"
502,22,2,"018920283","Amory Walework","67 Pine View Point","front-desk"
503,23,3,"799561817","Mareah Tipling","98 Pepper Wood Center","maid"
504,24,4,"288958446","Maible Poff","553 1st Alley","maid"
505,25,5,"427222878","Broderick Littler","49 Derek Drive","front-desk"
506,26,1,"871777977","Erina Ainslee","30258 Hintze Parkway","chef"
507,27,2,"978008361","Barnabe Ofield","99 Laurel Pass","janitor"
508,28,3,"092319276","Garv Bohills","6014 Mcguire Alley","maid"
509,29,4,"145612556","Alina Tildesley","46 Schiller Pass","chef"
510,30,5,"670796347","Ramona Bartalot","48713 Northwestern Plaza","front-desk"
511,31,1,"281765354","Lacee Clarae","4 Mesta Parkway","maid"
512,32,2,"742890604","Ranique Dalloway","10017 Merchant Park","janitor"
513,33,3,"839739521","Fremont Petzolt","24384 Huxley Circle","chef"
514,34,4,"905013911","Kathryne Bedberry","1596 Carey Court","chef"
515,35,5,"559759089","Alica Pattlel","25 Hanson Lane","chef"
516,36,1,"200093207","Kurtis Avraam","3 Daystar Alley","front-desk"
517,37,2,"421788119","Riccardo Mees","708 Homewood Trail","valet"
518,38,3,"823669134","Aurore McEntee","95042 Talmadge Road","janitor"
519,39,4,"230082423","Jo-anne Lacroux","0690 Independence Pass","front-desk"
520,40,5,"025102273","Georgena Ferrieri","4334 Logan Crossing","valet"
521,1,1,"582584218","Helenelizabeth Crowder","36 Butternut Center","janitor"
522,2,2,"441863251","Mead Davidov","812 Judy Terrace","maid"
523,3,3,"151958676","Lidia Colisbe","92 Mallory Circle","maid"
524,4,4,"411640604","Alexis Macartney","6 Michigan Center","maid"
525,5,5,"191461520","Reena McQuilkin","0168 Buena Vista Drive","maid"
526,6,1,"584109015","Tobin Kevane","642 Merchant Hill","valet"
527,7,2,"713815392","Eolande Fradgley","84558 Maryland Lane","chef"
528,8,3,"225743239","Leoine Mosdell","6538 Rieder Drive","front-desk"
529,9,4,"682244417","Zechariah Antosik","9 Brentwood Drive","front-desk"
530,10,5,"058278582","Annemarie Echallier","564 Duke Street","front-desk"
531,11,1,"821373433","Peg Faunt","19257 Dexter Terrace","janitor"
532,12,2,"332663057","Hayyim Gateman","9 Myrtle Court","front-desk"
533,13,3,"064732371","Bary Furman","42 Roxbury Pass","valet"
534,14,4,"772140905","Selene Farbrace","60321 Heath Point","maid"
535,15,5,"153604294","Desi Dimond","0 Clemons Crossing","janitor"
536,16,1,"456816772","Ad Hartland","48080 Ridgeview Trail","maid"
537,17,2,"595318396","Herve Gilley","3 Marcy Trail","maid"
538,18,3,"207746143","Rafi Warwicker","4 Sundown Road","janitor"
539,19,4,"440381448","Kale Bozworth","33 Clyde Gallagher Drive","front-desk"
540,20,5,"384098300","Julian Serridge","1727 Donald Park","chef"
541,21,1,"139899808","Jade Verrills","43497 Talmadge Drive","chef"
542,22,2,"822092921","Remy Wingate","03671 Elgar Junction","maid"
543,23,3,"900521005","Candy Skrine","9398 Amoth Road","valet"
544,24,4,"225140041","Ulick Cudmore","56449 Fairfield Pass","chef"
545,25,5,"555432808","Donall Vannini","8 Meadow Ridge Point","maid"
546,26,1,"272770835","Athene Nizard","1110 Maple Junction","chef"
547,27,2,"892833528","Nesta Whitters","73 Marcy Street","janitor"
548,28,3,"045128637","Lissy Puden","73 Summit Trail","front-desk"
549,29,4,"052704097","Regine Fiennes","25700 Dahle Street","valet"
550,30,5,"905324434","Bridie Portwaine","43 Longview Center","maid"
551,31,1,"453471879","Dan Gaine of England","60436 Onsgard Plaza","front-desk"
552,32,2,"216397460","Marjy Perassi","7 Burning Wood Crossing","maid"
553,33,3,"388757576","Dougy Waycott","4 Grover Way","front-desk"
554,34,4,"726146146","Kendre Antrum","8 Dryden Place","janitor"
555,35,5,"395984926","Ignazio Pawlik","3 Garrison Circle","valet"
556,36,1,"192249481","Glynn Mulcock","3 Bonner Junction","valet"
557,37,2,"845383420","Debora Mandifield","6709 Merchant Way","valet"
558,38,3,"009730056","Nelle Clunan","9910 Mockingbird Trail","janitor"
559,39,4,"389047363","Eamon Mosby","5270 Jana Way","janitor"
560,40,5,"902906306","Maressa Ramalhete","04 Arkansas Court","chef"
561,1,1,"073005144","Kriste Beringer","9 Transport Avenue","janitor"
562,2,2,"516411633","Pip Sowley","217 Columbus Pass","front-desk"
563,3,3,"034968906","Phylis Spera","932 Cherokee Drive","front-desk"
564,4,4,"492355445","Cointon Boich","759 Victoria Park","valet"
565,5,5,"613712641","Gottfried Keig","514 Pankratz Court","front-desk"
566,6,1,"326676793","Joel Murra","2833 Nelson Place","chef"
567,7,2,"365632239","Korney Mumbeson","75257 Eastlawn Drive","front-desk"
568,8,3,"365055732","Broderick Searston","86 Jenifer Pass","chef"
569,9,4,"205744592","Brigitta Belden","0088 Homewood Alley","front-desk"
570,10,5,"557208006","Cleveland Friend","0010 Milwaukee Parkway","front-desk"
571,11,1,"743198988","Chicky Cromarty","0662 Ridgeway Way","valet"
572,12,2,"146509905","Coretta Peterffy","81371 Kennedy Avenue","maid"
573,13,3,"862698939","Milty Brinkworth","48555 Melvin Road","valet"
574,14,4,"867381244","Wakefield Shelmerdine","4 Fair Oaks Drive","maid"
575,15,5,"635822113","Shawn Kittiman","14 Spenser Point","maid"
576,16,1,"502728699","Miltie Hutcheson","4 Sutteridge Trail","valet"
577,17,2,"168200324","Nadine Tidbold","3 Waubesa Parkway","janitor"
578,18,3,"597605456","Cindra Escoffrey","800 Dawn Road","valet"
579,19,4,"792621570","Howard Eldrid","7176 Kennedy Street","front-desk"
580,20,5,"234129579","Agnese Govinlock","458 Village Drive","valet"
581,21,1,"275165725","Selby McGuffog","92067 Graedel Parkway","front-desk"
582,22,2,"439104089","Valentino Lethcoe","168 Almo Trail","chef"
583,23,3,"487551143","Blaine Pollok","624 Larry Drive","front-desk"
584,24,4,"411588749","Cassie Mintram","3 Talmadge Lane","maid"
585,25,5,"377988340","Shane Karlolak","7 Maywood Court","maid"
586,26,1,"461211327","Alfi Damp","16557 Golf Park","valet"
587,27,2,"271424593","Laird Burhill","4569 Logan Way","front-desk"
588,28,3,"077321499","Shaina Halms","8 Derek Avenue","front-desk"
589,29,4,"373167711","Bertha Kettel","6 Dawn Drive","chef"
590,30,5,"671138850","Conny Ziemens","3 Killdeer Place","front-desk"
591,31,1,"304543185","Jasmin Capozzi","3202 Kedzie Place","maid"
592,32,2,"230647340","Hamish Burgane","2898 Holmberg Center","chef"
593,33,3,"279776633","Susann Marke","232 Kropf Pass","janitor"
594,34,4,"234089303","Jennica Emery","3 Scoville Point","valet"
595,35,5,"568215698","Sylvester Gibbe","167 Evergreen Crossing","front-desk"
596,36,1,"643994878","Jacky Adlington","4245 Lukken Park","front-desk"
597,37,2,"574650654","Noe Elfe","99 Portage Junction","janitor"
598,38,3,"489783670","Brett Banane","8893 Fulton Park","chef"
599,39,4,"500132956","Concordia Tipperton","0 Victoria Center","front-desk"
600,40,5,"953660583","Shelton Konmann","8627 Leroy Point","chef"
601,1,1,"307483598","Ardelis Cowlishaw","7 David Drive","chef"
602,2,2,"548129244","Lucias Malcher","26091 Algoma Plaza","janitor"
603,3,3,"840429788","Orsola Turnock","35040 Buhler Alley","front-desk"
604,4,4,"298298934","Gates Boullen","9028 Dovetail Junction","janitor"
605,5,5,"848382627","Bibby Parncutt","1121 Fremont Street","janitor"
606,6,1,"293875009","Lars Flaws","46 Maywood Terrace","valet"
607,7,2,"708840569","Borg Rummin","11744 Nevada Avenue","maid"
608,8,3,"509969331","Reynard Manclark","24557 Ohio Plaza","janitor"
609,9,4,"518471663","Benoite Randell","0 Grim Drive","valet"
610,10,5,"855619766","Penn Dupey","96719 Esch Park","maid"
611,11,1,"552799081","Ranee Keizman","22311 Linden Drive","maid"
612,12,2,"663922257","Adolphe Blunsum","882 Karstens Crossing","chef"
613,13,3,"715607253","Angel Grzeszczak","2 Express Plaza","janitor"
614,14,4,"314834717","Virge Mattiuzzi","98471 Knutson Terrace","front-desk"
615,15,5,"962897054","Lenard Twallin","34 Packers Avenue","valet"
616,16,1,"396962694","Giff Conrard","0 Loftsgordon Way","chef"
617,17,2,"099675272","Marillin Bottrill","644 Sutherland Point","front-desk"
618,18,3,"786047486","Laurena Machel","022 Mariners Cove Avenue","janitor"
619,19,4,"559276528","Gavin Mazillius","0 Mosinee Pass","chef"
620,20,5,"033057687","James Chatan","46 Lighthouse Bay Court","front-desk"
621,21,1,"375431484","Darill Mantripp","1789 Mcbride Circle","chef"
622,22,2,"793069411","Alwin Chettle","838 Washington Parkway","valet"
623,23,3,"353617845","Gustave Mitchinson","53 Maple Drive","maid"
624,24,4,"375946185","Shelly Cadany","5102 Summerview Trail","maid"
625,25,5,"965354899","Philippine Wildber","0827 Miller Avenue","valet"
626,26,1,"813031648","Kristoffer Peppett","66230 Harper Junction","valet"
627,27,2,"080339189","Barth Rendall","69 Lakeland Road","maid"
628,28,3,"653028749","Ransell Thulborn","59 American Point","chef"
629,29,4,"670724379","Dimitri Pley","530 Jay Trail","chef"
630,30,5,"174898556","Maxy Lynagh","88280 Schurz Alley","maid"
631,31,1,"255743129","Yetty Pawelski","6 Elmside Trail","maid"
632,32,2,"920422885","Deanne Windous","899 Acker Crossing","valet"
633,33,3,"911823848","Ursa Dulany","40 Bellgrove Park","valet"
634,34,4,"229334956","Ag Stear","39 Mifflin Trail","valet"
635,35,5,"976591065","Brandi Nutbeam","7 Sycamore Point","chef"
636,36,1,"625151495","Lianne Gallienne","296 Leroy Way","valet"
637,37,2,"126646922","Truda Cheetham","956 Cottonwood Junction","chef"
638,38,3,"547799294","Dorisa Quilter","7 West Avenue","maid"
639,39,4,"840695546","Gannie Barendtsen","4448 Village Green Place","janitor"
640,40,5,"555896006","Rollin McCormick","27 Crownhardt Avenue","front-desk"
641,1,1,"521859958","Zsa zsa Naish","6 5th Terrace","chef"
642,2,2,"807736757","Bram Prujean","6047 Schmedeman Point","maid"
643,3,3,"049567190","Weylin Redmayne","4247 Nova Park","maid"
644,4,4,"243438165","Ashlen Beirne","14337 Veith Terrace","front-desk"
645,5,5,"135726087","Cilka Petley","6508 Delladonna Pass","maid"
646,6,1,"087157171","Nels Danielczyk","38 Stoughton Hill","maid"
647,7,2,"943507258","Hadley Neeve","46796 3rd Trail","janitor"
648,8,3,"986608407","Nonna Cyson","5909 Lawn Trail","chef"
649,9,4,"664697892","Erskine MacAllaster","8 Pleasure Circle","maid"
650,10,5,"963448091","Bevvy Shephard","99 Starling Alley","maid"
651,11,1,"106222857","Ealasaid Tiltman","77314 Moulton Alley","janitor"
652,12,2,"310947492","Heywood Dixon","98356 Spenser Court","chef"
653,13,3,"379474620","Kellsie Barbour","79770 Fremont Court","chef"
654,14,4,"010892516","Anatol Moxham","8 Melody Terrace","maid"
655,15,5,"134702767","Lorry Manilow","4530 Graceland Plaza","maid"
656,16,1,"417181880","Kanya Freeborne","75 Scott Drive","chef"
657,17,2,"893370697","Sheri Moultrie","4495 Amoth Pass","front-desk"
658,18,3,"000908488","Graeme Francescoccio","6 Starling Junction","front-desk"
659,19,4,"857551928","Ema Bevir","4 Vermont Center","valet"
660,20,5,"036792021","Dwight Yarker","7132 Scoville Plaza","maid"
661,21,1,"368412165","Lionello Pollington","68 Stuart Terrace","front-desk"
662,22,2,"563287139","Sianna Reast","46522 Stone Corner Crossing","front-desk"
663,23,3,"669670829","Deanna Cicconetti","04 Mayfield Point","chef"
664,24,4,"832401999","Serene Jeal","64 Nobel Center","janitor"
665,25,5,"572227969","Rubina Gofford","02830 Pond Park","janitor"
666,26,1,"001520447","Eduino Berntsson","4 Pepper Wood Court","front-desk"
667,27,2,"360574467","Rip Izkovici","00 Lerdahl Park","maid"
668,28,3,"176712079","Leigh Flanaghan","9 Carioca Drive","chef"
669,29,4,"749762284","Haily Futter","0013 Fairfield Road","front-desk"
670,30,5,"157613334","Adora Aleso","96925 Bonner Place","maid"
671,31,1,"149289521","Christine Elrick","02 Golden Leaf Way","valet"
672,32,2,"629853664","Olympie Belbin","62 Sunbrook Avenue","valet"
673,33,3,"305195658","Aubert Stickley","8115 Kings Trail","front-desk"
674,34,4,"393977646","Terrye Polfer","443 Arizona Way","front-desk"
675,35,5,"075176824","Claudia Flaonier","244 Ramsey Point","front-desk"
676,36,1,"509342216","Elwin Labrom","76730 Esch Avenue","front-desk"
677,37,2,"665785699","Kelly Osgar","5 Graedel Parkway","front-desk"
678,38,3,"342516414","Ash Welbourn","04969 Thierer Road","maid"
679,39,4,"141088475","Shelagh Quakley","76 Thompson Avenue","janitor"
680,40,5,"315619254","Ermina Elia","390 Melody Way","front-desk"
681,1,1,"474630636","Jaimie Longega","2 Sheridan Junction","front-desk"
682,2,2,"170490264","Kile Ioselevich","0 Eagan Trail","chef"
683,3,3,"631733462","Mariam Butchers","7 Novick Junction","front-desk"
684,4,4,"058304710","Dalila Gavahan","1 Lake View Court","maid"
685,5,5,"866820636","Raynard Zannini","41 Hollow Ridge Court","maid"
686,6,1,"531472900","Luigi Harrild","0 Coleman Place","valet"
687,7,2,"682438406","Meredith Diperaus","7 Esch Alley","front-desk"
688,8,3,"871913206","Zena Conerding","53278 Larry Place","janitor"
689,9,4,"886069533","Desdemona Roaf","970 Annamark Plaza","janitor"
690,10,5,"745842720","Carlie Merkle","806 Victoria Place","front-desk"
691,11,1,"942024751","Brendin Fergie","972 Meadow Valley Circle","valet"
692,12,2,"032104873","Robenia Pimerick","9 Bowman Way","front-desk"
693,13,3,"343617910","Brigham Pollak","937 Marcy Plaza","chef"
694,14,4,"006260788","Mignonne Allison","74 Nobel Trail","valet"
695,15,5,"284886323","Alec Matelyunas","836 Sherman Way","chef"
696,16,1,"719197969","Winfield Budleigh","4968 Hazelcrest Pass","valet"
697,17,2,"753858221","Sallyann Hazelton","7194 Buena Vista Plaza","front-desk"
698,18,3,"455361773","Smitty Letson","69 Stoughton Center","valet"
699,19,4,"516730605","Ivie Polfer","33954 Glendale Plaza","front-desk"
700,20,5,"659210094","Ulrich Ruddock","21512 Green Road","chef"
701,21,1,"522925618","Avrom Petrichat","26677 Thackeray Junction","front-desk"
702,22,2,"043986976","Magnum Hamber","2214 Daystar Hill","front-desk"
703,23,3,"299747179","Margery Guyet","90 Fuller Lane","janitor"
704,24,4,"728371606","Danita Bendell","28 Roth Way","front-desk"
705,25,5,"198868956","Flor McClurg","811 Manitowish Junction","front-desk"
706,26,1,"403005233","Mathe Von Der Empten","18 Calypso Place","janitor"
707,27,2,"309847687","Roselle Tackley","24136 Fair Oaks Road","front-desk"
708,28,3,"983602946","Ricky Licciardiello","677 Elmside Terrace","maid"
709,29,4,"360843589","Warden Gerren","7236 Talisman Way","chef"
710,30,5,"536365299","Laney Merioth","740 Sunnyside Circle","chef"
711,31,1,"979211942","Lanny Godard","1561 Oak Trail","maid"
712,32,2,"125343568","Jenifer Coghlan","669 Atwood Trail","maid"
713,33,3,"310402917","Haven Mockett","52819 8th Pass","front-desk"
714,34,4,"057529031","Prue Buddleigh","22 Spaight Point","valet"
715,35,5,"409673815","Sumner Mizzi","70356 Straubel Alley","janitor"
716,36,1,"766276828","Corey Roscamps","020 Walton Crossing","maid"
717,37,2,"929869530","Toddie Sambrok","83 Spaight Lane","janitor"
718,38,3,"682374772","Anton Barnham","876 Corscot Court","valet"
719,39,4,"571865151","Fields Glading","40797 Moose Parkway","janitor"
720,40,5,"331398211","Emelina Allam","93604 Oneill Circle","janitor"
721,1,1,"187131140","Chicky Szymanzyk","834 Transport Way","janitor"
722,2,2,"401871078","Suzann Kerbey","32614 Oak Valley Avenue","chef"
723,3,3,"314965469","Austin Polkinhorn","3 Hauk Place","valet"
724,4,4,"893222494","Karlotta Rydings","2614 Rowland Avenue","valet"
725,5,5,"473091211","Gamaliel Leindecker","036 Farwell Park","chef"
726,6,1,"584155510","Pia Clendennen","72 Red Cloud Hill","chef"
727,7,2,"119028078","Hastie Spellessy","87581 Acker Circle","janitor"
728,8,3,"196517186","Albertina Hardie","24753 Sugar Park","maid"
729,9,4,"352082195","Brady Novotni","62 Elka Junction","chef"
730,10,5,"050783493","Welsh Honsch","77653 Acker Lane","front-desk"
731,11,1,"880973010","Romain Impson","18063 Emmet Lane","maid"
732,12,2,"858401835","Elita Brikner","52996 Di Loreto Terrace","front-desk"
733,13,3,"176850319","Ginevra Zorzenoni","0 Dottie Avenue","chef"
734,14,4,"671315414","Kimmy Chowne","6556 Transport Road","maid"
735,15,5,"103325025","Viva Jenik","410 Elka Pass","valet"
736,16,1,"000676537","Charlotte Beney","71210 Eagle Crest Drive","maid"
737,17,2,"653896215","Shurlocke Mensler","7 Kinsman Road","chef"
738,18,3,"222215618","Carny Northidge","8 Susan Lane","janitor"
739,19,4,"651543455","Margery Flipek","18 Hollow Ridge Hill","janitor"
740,20,5,"247157389","Karlene Keig","0 Sutteridge Lane","maid"
741,21,1,"713862278","Kenn Arpe","3019 Fairfield Drive","maid"
742,22,2,"874982438","Ashton Mattedi","4 Walton Court","front-desk"
743,23,3,"231430370","Marven MacMakin","0365 Twin Pines Drive","valet"
744,24,4,"764653478","Haley Whittlesey","5470 Ruskin Lane","front-desk"
745,25,5,"821779759","Stevie Speakman","6411 Hauk Street","front-desk"
746,26,1,"141469230","Dickie Ricardin","30 Waubesa Terrace","valet"
747,27,2,"397013334","Sarena Necolds","8 Utah Terrace","maid"
748,28,3,"126963678","Gelya Nani","75256 La Follette Way","valet"
749,29,4,"754867584","Stephenie Emmett","0 Lakewood Court","chef"
750,30,5,"773032894","Fulvia Vispo","46881 Rowland Terrace","valet"
751,31,1,"860449080","Chalmers Haspineall","7 Brentwood Alley","maid"
752,32,2,"929316222","Christiano Jimmison","98578 Portage Way","valet"
753,33,3,"243865313","Ivan Bowler","12 Monument Plaza","maid"
754,34,4,"727436791","Calypso Stainfield","5 Pennsylvania Center","valet"
755,35,5,"547888967","Kellyann Constantinou","49 John Wall Plaza","janitor"
756,36,1,"775992419","Sutherland Hutt","4969 Namekagon Road","maid"
757,37,2,"323359293","Elana Webland","825 Claremont Road","janitor"
758,38,3,"508210922","Tony Medlen","054 Pankratz Circle","front-desk"
759,39,4,"565861220","De Rummery","4 Merrick Street","valet"
760,40,5,"236084118","Wileen Trengrouse","0996 Browning Park","chef"
761,1,1,"805216322","Alisander Lancetter","3 Prairieview Road","janitor"
762,2,2,"261918377","Erena Cullivan","6 Warner Circle","janitor"
763,3,3,"898472326","Alvy Tomlett","2964 Dayton Way","valet"
764,4,4,"516723912","Alfy Toquet","12698 Armistice Place","janitor"
765,5,5,"628247136","Uriel McGrirl","7 Hauk Street","janitor"
766,6,1,"908600437","Chrisy Atwill","19224 Sherman Crossing","maid"
767,7,2,"301356632","Jenda Flindall","5 Gulseth Court","front-desk"
768,8,3,"410575348","Jard McKmurrie","5 Mifflin Junction","valet"
769,9,4,"860461539","Sherm Farraway","2173 Hollow Ridge Park","front-desk"
770,10,5,"741350650","Hale Havik","510 Ohio Pass","maid"
771,11,1,"937254768","Alida Westney","5 Superior Trail","maid"
772,12,2,"556441664","York Sheryne","49 Sutteridge Alley","maid"
773,13,3,"606857408","Jemima Kittiman","1 Sullivan Point","chef"
774,14,4,"224551596","Othelia Crop","4354 Monument Trail","maid"
775,15,5,"429263239","Steve Spino","2 Gerald Road","janitor"
776,16,1,"283264597","Merrily Inkles","4 4th Street","front-desk"
777,17,2,"181057905","Gauthier Loghan","5 Sunbrook Court","chef"
778,18,3,"375975143","Philly Tunkin","31661 Sloan Drive","chef"
779,19,4,"700467160","Lurleen Yapp","49 Lotheville Park","front-desk"
780,20,5,"700067737","Melodie Ginley","55343 Anzinger Point","front-desk"
781,21,1,"482578024","Teresa Zelland","13 Harper Terrace","janitor"
782,22,2,"185214801","Mariquilla Kachel","408 Acker Point","maid"
783,23,3,"401390937","Lorianne Bims","97609 Waxwing Terrace","chef"
784,24,4,"614095221","Hy Alben","30288 Loeprich Terrace","chef"
785,25,5,"049929979","Fawne McIlreavy","2916 Carpenter Junction","front-desk"
786,26,1,"967723755","Philis Mulcaster","3405 Pepper Wood Lane","chef"
787,27,2,"630518108","Bertine Kelberer","8 Starling Point","valet"
788,28,3,"635023880","Noland Janca","512 Harper Point","front-desk"
789,29,4,"577021407","Gabbey Sawers","509 Nevada Circle","janitor"
790,30,5,"415113395","Clea De Bruin","16 Buell Point","maid"
791,31,1,"150631536","Denyse Arstall","564 Ramsey Lane","chef"
792,32,2,"537686313","Tiffy Avard","85 Sutteridge Crossing","valet"
793,33,3,"778225600","Annemarie Drezzer","4984 Trailsway Avenue","valet"
794,34,4,"053567526","Perle Grelak","1527 Becker Parkway","janitor"
795,35,5,"591929469","Giustino Craydon","3 Stuart Center","janitor"
796,36,1,"403064771","Vilma Lownes","22 Shelley Circle","janitor"
797,37,2,"963914631","Innis Balharrie","24952 American Ash Trail","front-desk"
798,38,3,"935157695","Kala Schulkins","6726 Vermont Drive","valet"
799,39,4,"758947787","Marysa Poulson","845 East Alley","valet"
800,40,5,"504800411","Junia Biesty","5023 Brown Alley","janitor"
801,1,1,"555173792","Darius Caruth","2 Swallow Trail","janitor"
802,2,2,"303537943","Redford Tickner","6 Dexter Court","chef"
803,3,3,"375957663","Lynnea Broomfield","29617 Monterey Park","front-desk"
804,4,4,"200728058","Leigha Kopta","19066 Nova Drive","janitor"
805,5,5,"098003409","Griffin Bowle","6 Johnson Avenue","maid"
806,6,1,"212510310","Gallard Rable","69599 6th Way","front-desk"
807,7,2,"080717430","Gregorius Bewick","271 7th Court","valet"
808,8,3,"089884089","Lorant Behr","22 Bonner Lane","maid"
809,9,4,"372719237","Rockie Talton","0 Fair Oaks Place","valet"
810,10,5,"040205794","Creight McClune","6028 Dayton Trail","front-desk"
811,11,1,"262788893","Abram Stiell","86 Eagan Crossing","valet"
812,12,2,"537084024","Devi Abramowitz","115 Lindbergh Plaza","front-desk"
813,13,3,"319228158","Mace Ralton","227 Hanover Parkway","chef"
814,14,4,"443539843","Redd Neward","1808 Bellgrove Parkway","janitor"
815,15,5,"837935226","Marjy Masi","77 Trailsway Street","janitor"
816,16,1,"630033901","Rosamond Whiston","6160 Elgar Junction","janitor"
817,17,2,"929433925","Dareen Saye","3 Lakewood Gardens Alley","front-desk"
818,18,3,"183703279","Reeba Antonoyev","05 Rieder Point","maid"
819,19,4,"216359127","Bogey Sotheby","2 Grim Crossing","valet"
820,20,5,"376919360","Pen Marrable","4 Fuller Park","janitor"
821,21,1,"610096395","Kipp Gleader","84939 Rockefeller Alley","maid"
822,22,2,"678884832","Bonnie Dyer","054 Sheridan Point","janitor"
823,23,3,"187557923","Ambur Mapp","94517 Pennsylvania Hill","chef"
824,24,4,"675820108","Otha Walas","512 Village Plaza","chef"
825,25,5,"932560061","Judy Harower","0 Sommers Plaza","chef"
826,26,1,"495839256","Stephie Tipler","22 Crownhardt Crossing","valet"
827,27,2,"470517930","Tony Dillintone","69 Talmadge Way","valet"
828,28,3,"871306555","Kendell Schwieso","332 Maryland Street","chef"
829,29,4,"664399175","Robenia Gerry","844 David Parkway","valet"
830,30,5,"359667080","Birgit Brecken","6 Anderson Road","front-desk"
831,31,1,"945183209","Bess Cant","124 Namekagon Crossing","front-desk"
832,32,2,"971098445","Damon Fish","7 Glacier Hill Park","valet"
833,33,3,"148075997","Felike Bricksey","1 Carey Plaza","front-desk"
834,34,4,"765282032","Estel Elstone","2333 Forest Run Road","janitor"
835,35,5,"640687886","Tate Kilmaster","5 Esker Terrace","front-desk"
836,36,1,"517148615","Elliott Cawt","690 Chive Lane","valet"
837,37,2,"836858941","Atalanta Cleeve","50724 Russell Street","maid"
838,38,3,"695498114","Meryl Waud","4 Dakota Center","janitor"
839,39,4,"293971217","Amelie Schubuser","57266 Ryan Way","valet"
840,40,5,"380042169","Annissa Pocknoll","4 Stephen Trail","front-desk"
